batch_size,epoch,time(sec)
128.0,50.0,5265.612505
64.0,50.0,5582.625071
32.0,50.0,5514.704858
